{
	"22 carot Biscuit (91.6": ["Biscuit"],
	"24 carot Biscuit(99.9)": ["Biscuit"],
	"22 carot Coin (91.6": ["Coin"],
	"24 carot Coin (99.9)": ["Coin"],
	"Anklets": ["Hook"],
	"Armlet": ["Stone"],
	"Baby Bangles": ["Stone"],
	"Bangles": ["Stone"],
	"Bracelet": ["Hook", "Stone"],
	"Broad Bangles": ["Screw", "Stone", "Wax"],
	"Chain": ["Hook", "Stone"],
	"Chain with Locket": ["Hook", "Locket", "Stone"],
	"Chain with Black Beads": ["Hook", "Locket", "Stone", "Thread", "Black Beads"],
	"Drops": ["Plain", "With Wax", "Without Wax", "Stone"],
	"Ear Rings": ["Screw", "Drop", "Stone"],
	"Gold Bar": ["Melted", "Non Melted"],
	"Head Locket": ["Hook","Stone"],
	"Locket": ["Stone"],
	"Matti": ["Stone"],
	"Necklace": ["Wax", "Back Chain", "Stone"],
	"Ring": ["Stone"],
	"Silver Bar": ["Bar"],
	"Silver Items": ["Items", "Stone"],
	"Small Gold Piece": ["Pieces", "Stone"],
	"Studs": ["Screw", "Stone"],
	"Studs And Drops": ["Screw", "Drops", "Stone"],
	"Thala/Mangalya Chain": ["Thali", "Hook", "Stone"],
	"Thala/Mangalya Chain with Black Beads": ["Thali", "Hook", "Stone", "Thread"],
	"Waist Belt/Chain": ["Screw", "Embose", "Stone"]
}